{
  "mean": [
    41.0,
    66.56123192314216,
    30.77132530223174,
    89.0499999792461
  ],
  "scale": [
    23.958297101421877,
    127.1071607328407,
    51.77982583258757,
    151.27943207628493
  ]
}