{
  "feature_names": [
    "HR",
    "Temp",
    "SaO2",
    "BP_sys",
    "BP_dia"
  ],
  "mean": [
    89.81127717492768,
    37.216446609817396,
    92.47445176539422,
    125.6830052130383,
    80.58956729129054
  ],
  "scale": [
    29.000269056729426,
    1.285132540416211,
    4.340471710290176,
    25.850960821699502,
    17.298192488337563
  ]
}